{"loss": [0.006100760307163, 0.0003474816039670259, 0.00019282013818155974, 0.00013245362788438797, 0.00010043669317383319, 8.061305561568588e-05, 6.719639350194484e-05, 5.7539644330972806e-05, 5.022180994274095e-05, 4.4501528464024886e-05], "accuracy": [0.9989998936653137, 1.0, 1.0, 1.0, 1.0, 1.0, 1.0, 1.0, 1.0, 1.0], "val_loss": [0.0005503718857653439, 0.0002584369503892958, 0.00016611388127785176, 0.00012141367187723517, 9.528873488306999e-05, 7.82320203143172e-05, 6.619450869038701e-05, 5.731130295316689e-05, 5.046321894042194e-05, 4.50248880952131e-05], "val_accuracy": [1.0, 1.0, 1.0, 1.0, 1.0, 1.0, 1.0, 1.0, 1.0, 1.0]}